{"accuracy": [0.1516503095626831, 0.3033006191253662, 0.4005352258682251, 0.5013380646705627, 0.5548617243766785, 0.6074932813644409, 0.6110615730285645, 0.6610169410705566, 0.6922390460968018, 0.7047279477119446, 0.7100802659988403, 0.7020517587661743, 0.7546833157539368, 0.7796609997749329, 0.7662801146507263, 0.7939339876174927, 0.7983942627906799, 0.7939339876174927, 0.8206958174705505, 0.8082069754600525, 0.8019625544548035, 0.819803774356842, 0.8340767025947571, 0.8314005136489868], "loss": [2.9933574199676514, 2.245788097381592, 1.9012798070907593, 1.608972430229187, 1.4149285554885864, 1.2774702310562134, 1.2029105424880981, 1.064854383468628, 1.0200773477554321, 0.967548131942749, 0.9113587737083435, 0.9086164236068726, 0.8125746846199036, 0.7694459557533264, 0.7313441038131714, 0.7010249495506287, 0.6964865922927856, 0.652376115322113, 0.6064108610153198, 0.6367542743682861, 0.5989260077476501, 0.5892969369888306, 0.5476369261741638, 0.5300143361091614], "val_accuracy": [0.23999999463558197, 0.41777777671813965, 0.551111102104187, 0.6044444441795349, 0.6355555653572083, 0.6755555272102356, 0.7022222280502319, 0.746666669845581, 0.7555555701255798, 0.7733333110809326, 0.7866666913032532, 0.7733333110809326, 0.7866666913032532, 0.800000011920929, 0.7955555319786072, 0.800000011920929, 0.8088889122009277, 0.8133333325386047, 0.8133333325386047, 0.8311111330986023, 0.8355555534362793, 0.8444444537162781, 0.8488888740539551, 0.8488888740539551], "val_loss": [2.4855523109436035, 2.1739490032196045, 1.8996472358703613, 1.65684974193573, 1.4455273151397705, 1.2673707008361816, 1.1095483303070068, 0.9845388531684875, 0.9015089273452759, 0.8289254903793335, 0.7666570544242859, 0.7189788222312927, 0.6730085611343384, 0.6556639671325684, 0.6396437287330627, 0.6262290477752686, 0.5911282300949097, 0.5662465691566467, 0.5536894798278809, 0.5172204971313477, 0.5139476656913757, 0.502437949180603, 0.48901641368865967, 0.49035465717315674], "learning_rate": [9.999999747378752e-05, 9.999999747378752e-05, 9.999999747378752e-05, 9.999999747378752e-05, 9.999999747378752e-05, 9.999999747378752e-05, 9.999999747378752e-05, 9.999999747378752e-05, 9.999999747378752e-05, 9.999999747378752e-05, 9.999999747378752e-05, 9.999999747378752e-05, 9.999999747378752e-05, 9.999999747378752e-05, 9.999999747378752e-05, 9.999999747378752e-05, 9.999999747378752e-05, 9.999999747378752e-05, 9.999999747378752e-05, 9.999999747378752e-05, 9.999999747378752e-05, 9.999999747378752e-05, 9.999999747378752e-05, 9.999999747378752e-05]}