{
  "ahmed_sharif_chaudhry": {
    "precision": 0.8888888888888888,
    "recall": 1.0,
    "f1-score": 0.9411764705882353,
    "support": 8.0
  },
  "ali_amin_gandapur": {
    "precision": 1.0,
    "recall": 1.0,
    "f1-score": 1.0,
    "support": 8.0
  },
  "asif_ali_zardari": {
    "precision": 1.0,
    "recall": 0.875,
    "f1-score": 0.9333333333333333,
    "support": 8.0
  },
  "attaullah_tarar": {
    "precision": 1.0,
    "recall": 1.0,
    "f1-score": 1.0,
    "support": 8.0
  },
  "bilawal_bhutto": {
    "precision": 0.9285714285714286,
    "recall": 1.0,
    "f1-score": 0.9629629629629629,
    "support": 13.0
  },
  "chaudhry_pervaiz_elahi": {
    "precision": 1.0,
    "recall": 0.875,
    "f1-score": 0.9333333333333333,
    "support": 8.0
  },
  "fazlur_rehman": {
    "precision": 1.0,
    "recall": 1.0,
    "f1-score": 1.0,
    "support": 12.0
  },
  "hina_rabbani_khar": {
    "precision": 0.875,
    "recall": 0.7777777777777778,
    "f1-score": 0.8235294117647058,
    "support": 9.0
  },
  "imran_khan": {
    "precision": 1.0,
    "recall": 0.8571428571428571,
    "f1-score": 0.9230769230769231,
    "support": 14.0
  },
  "khawaja_asif": {
    "precision": 0.875,
    "recall": 0.875,
    "f1-score": 0.875,
    "support": 8.0
  },
  "maryam_nawaz": {
    "precision": 0.8333333333333334,
    "recall": 1.0,
    "f1-score": 0.9090909090909091,
    "support": 10.0
  },
  "mohsin_naqvi": {
    "precision": 1.0,
    "recall": 0.75,
    "f1-score": 0.8571428571428571,
    "support": 8.0
  },
  "murad_ali_shah": {
    "precision": 1.0,
    "recall": 0.875,
    "f1-score": 0.9333333333333333,
    "support": 8.0
  },
  "nawaz_sharif": {
    "precision": 0.8,
    "recall": 1.0,
    "f1-score": 0.8888888888888888,
    "support": 12.0
  },
  "shahbaz_sharif": {
    "precision": 0.8333333333333334,
    "recall": 1.0,
    "f1-score": 0.9090909090909091,
    "support": 10.0
  },
  "sheikh_rasheed": {
    "precision": 1.0,
    "recall": 0.8888888888888888,
    "f1-score": 0.9411764705882353,
    "support": 9.0
  },
  "accuracy": 0.9281045751633987,
  "macro avg": {
    "precision": 0.9396329365079366,
    "recall": 0.9233630952380952,
    "f1-score": 0.9269459876996642,
    "support": 153.0
  },
  "weighted avg": {
    "precision": 0.9367595186222637,
    "recall": 0.9281045751633987,
    "f1-score": 0.9278365219157222,
    "support": 153.0
  }
}