{"accuracy": [0.10526315867900848, 0.255129337310791, 0.38001784682273865, 0.4478144645690918, 0.5263158082962036, 0.5566458702087402, 0.6199821829795837, 0.6636931300163269, 0.6859946250915527, 0.7109723687171936, 0.6940231919288635, 0.7323818206787109, 0.7618197798728943, 0.7653880715370178, 0.7689563035964966, 0.7912577986717224, 0.8046387434005737, 0.8171275854110718, 0.8278322815895081, 0.802854597568512, 0.8287243247032166, 0.8412132263183594, 0.8465655446052551, 0.8492417335510254], "loss": [3.2049560546875, 2.5277960300445557, 2.035644292831421, 1.746749997138977, 1.5003514289855957, 1.370681881904602, 1.2292579412460327, 1.100865125656128, 1.046183466911316, 0.9579699039459229, 0.9326127171516418, 0.8865110278129578, 0.8125794529914856, 0.765131950378418, 0.7471350431442261, 0.7079355716705322, 0.6495463848114014, 0.640396237373352, 0.5992591977119446, 0.6475178599357605, 0.5889884233474731, 0.5367895364761353, 0.5270798802375793, 0.49893587827682495], "val_accuracy": [0.2755555510520935, 0.47555556893348694, 0.5955555438995361, 0.648888885974884, 0.7200000286102295, 0.7511110901832581, 0.7511110901832581, 0.7777777910232544, 0.7866666913032532, 0.800000011920929, 0.8311111330986023, 0.8399999737739563, 0.8622221946716309, 0.8488888740539551, 0.8533333539962769, 0.8577777743339539, 0.8488888740539551, 0.8577777743339539, 0.8488888740539551, 0.8533333539962769, 0.8533333539962769, 0.8577777743339539, 0.8711110949516296, 0.8711110949516296], "val_loss": [2.3760006427764893, 1.8492324352264404, 1.5374858379364014, 1.3166583776474, 1.1342967748641968, 0.9948182106018066, 0.9195713996887207, 0.8547451496124268, 0.8047627806663513, 0.7521716952323914, 0.7293594479560852, 0.6726536154747009, 0.6293138265609741, 0.6172410249710083, 0.5875709652900696, 0.56955486536026, 0.5633829236030579, 0.5563356280326843, 0.5445669889450073, 0.5528529286384583, 0.5455960631370544, 0.5120680928230286, 0.4997292459011078, 0.48570725321769714], "learning_rate": [9.999999747378752e-05, 9.999999747378752e-05, 9.999999747378752e-05, 9.999999747378752e-05, 9.999999747378752e-05, 9.999999747378752e-05, 9.999999747378752e-05, 9.999999747378752e-05, 9.999999747378752e-05, 9.999999747378752e-05, 9.999999747378752e-05, 9.999999747378752e-05, 9.999999747378752e-05, 9.999999747378752e-05, 9.999999747378752e-05, 9.999999747378752e-05, 9.999999747378752e-05, 9.999999747378752e-05, 9.999999747378752e-05, 9.999999747378752e-05, 9.999999747378752e-05, 9.999999747378752e-05, 9.999999747378752e-05, 9.999999747378752e-05]}