{
  "ahmed_sharif_chaudhry": {
    "precision": 0.0,
    "recall": 0.0,
    "f1-score": 0.0,
    "support": 4.0
  },
  "ali_amin_gandapur": {
    "precision": 0.0,
    "recall": 0.0,
    "f1-score": 0.0,
    "support": 4.0
  },
  "asif_ali_zardari": {
    "precision": 1.0,
    "recall": 0.14285714285714285,
    "f1-score": 0.25,
    "support": 7.0
  },
  "attaullah_tarar": {
    "precision": 0.42857142857142855,
    "recall": 0.5,
    "f1-score": 0.46153846153846156,
    "support": 6.0
  },
  "bilawal_bhutto": {
    "precision": 0.0,
    "recall": 0.0,
    "f1-score": 0.0,
    "support": 7.0
  },
  "chaudhry_pervaiz_elahi": {
    "precision": 0.12121212121212122,
    "recall": 0.5,
    "f1-score": 0.1951219512195122,
    "support": 8.0
  },
  "fazlur_rehman": {
    "precision": 0.7142857142857143,
    "recall": 0.625,
    "f1-score": 0.6666666666666666,
    "support": 8.0
  },
  "hina_rabbani_khar": {
    "precision": 0.5,
    "recall": 0.6,
    "f1-score": 0.5454545454545454,
    "support": 5.0
  },
  "imran_khan": {
    "precision": 0.2608695652173913,
    "recall": 0.6,
    "f1-score": 0.36363636363636365,
    "support": 10.0
  },
  "khawaja_asif": {
    "precision": 0.5,
    "recall": 0.3333333333333333,
    "f1-score": 0.4,
    "support": 6.0
  },
  "maryam_nawaz": {
    "precision": 0.6666666666666666,
    "recall": 0.3333333333333333,
    "f1-score": 0.4444444444444444,
    "support": 6.0
  },
  "mohsin_naqvi": {
    "precision": 0.0,
    "recall": 0.0,
    "f1-score": 0.0,
    "support": 3.0
  },
  "murad_ali_shah": {
    "precision": 0.0,
    "recall": 0.0,
    "f1-score": 0.0,
    "support": 5.0
  },
  "nawaz_sharif": {
    "precision": 0.3333333333333333,
    "recall": 0.16666666666666666,
    "f1-score": 0.2222222222222222,
    "support": 6.0
  },
  "shahbaz_sharif": {
    "precision": 0.0,
    "recall": 0.0,
    "f1-score": 0.0,
    "support": 6.0
  },
  "sheikh_rasheed": {
    "precision": 0.6363636363636364,
    "recall": 0.875,
    "f1-score": 0.7368421052631579,
    "support": 8.0
  },
  "accuracy": 0.3434343434343434,
  "macro avg": {
    "precision": 0.32258140410314323,
    "recall": 0.2922619047619047,
    "f1-score": 0.2678704225278359,
    "support": 99.0
  },
  "weighted avg": {
    "precision": 0.35813147473226525,
    "recall": 0.3434343434343434,
    "f1-score": 0.30375669614203865,
    "support": 99.0
  }
}