{"accuracy": [0.13031914830207825, 0.30425530672073364, 0.4090425670146942, 0.5069149136543274, 0.5569148659706116, 0.6015957593917847, 0.6239361763000488, 0.651063859462738, 0.6968085169792175, 0.7106382846832275, 0.714893639087677, 0.73617023229599, 0.7436169981956482, 0.7367021441459656, 0.7521276473999023, 0.7734042406082153, 0.789893627166748, 0.7803191542625427, 0.785106360912323, 0.7861701846122742, 0.7813829779624939, 0.7914893627166748, 0.8042553067207336, 0.8053191304206848], "loss": [3.0667967796325684, 2.297668218612671, 1.919520378112793, 1.6623930931091309, 1.4957023859024048, 1.3597642183303833, 1.2634578943252563, 1.2221651077270508, 1.088614821434021, 1.0408881902694702, 0.9968821406364441, 0.9402129650115967, 0.9111526608467102, 0.9510219097137451, 0.8672568202018738, 0.8270429968833923, 0.8212319016456604, 0.8232409954071045, 0.782757043838501, 0.7795765399932861, 0.8007361888885498, 0.744368314743042, 0.7318011522293091, 0.7262232899665833], "val_accuracy": [0.2135416716337204, 0.5260416865348816, 0.6770833134651184, 0.7222222089767456, 0.7326388955116272, 0.7725694179534912, 0.7899305820465088, 0.796875, 0.8107638955116272, 0.8055555820465088, 0.8229166865348816, 0.8211805820465088, 0.8263888955116272, 0.8368055820465088, 0.84375, 0.84375, 0.8489583134651184, 0.8489583134651184, 0.8472222089767456, 0.8472222089767456, 0.8576388955116272, 0.8611111044883728, 0.8680555820465088, 0.8611111044883728], "val_loss": [2.348273515701294, 1.701728343963623, 1.3602279424667358, 1.196150302886963, 1.104595422744751, 1.0224285125732422, 0.9464810490608215, 0.8844393491744995, 0.8467212915420532, 0.8203107714653015, 0.8105835914611816, 0.7924814224243164, 0.7795194983482361, 0.757361650466919, 0.7344366312026978, 0.7176199555397034, 0.7144571542739868, 0.7191390991210938, 0.7118622660636902, 0.6925181150436401, 0.6707956790924072, 0.6687067747116089, 0.6484636068344116, 0.6547694802284241], "learning_rate": [9.999999747378752e-05, 9.999999747378752e-05, 9.999999747378752e-05, 9.999999747378752e-05, 9.999999747378752e-05, 9.999999747378752e-05, 9.999999747378752e-05, 9.999999747378752e-05, 9.999999747378752e-05, 9.999999747378752e-05, 9.999999747378752e-05, 9.999999747378752e-05, 9.999999747378752e-05, 9.999999747378752e-05, 9.999999747378752e-05, 9.999999747378752e-05, 9.999999747378752e-05, 9.999999747378752e-05, 9.999999747378752e-05, 9.999999747378752e-05, 9.999999747378752e-05, 9.999999747378752e-05, 9.999999747378752e-05, 9.999999747378752e-05]}