{
  "ahmed_sharif_chaudhry": {
    "precision": 0.8,
    "recall": 1.0,
    "f1-score": 0.8888888888888888,
    "support": 8.0
  },
  "ali_amin_gandapur": {
    "precision": 1.0,
    "recall": 1.0,
    "f1-score": 1.0,
    "support": 8.0
  },
  "asif_ali_zardari": {
    "precision": 0.875,
    "recall": 0.875,
    "f1-score": 0.875,
    "support": 8.0
  },
  "attaullah_tarar": {
    "precision": 1.0,
    "recall": 1.0,
    "f1-score": 1.0,
    "support": 8.0
  },
  "bilawal_bhutto": {
    "precision": 1.0,
    "recall": 1.0,
    "f1-score": 1.0,
    "support": 13.0
  },
  "chaudhry_pervaiz_elahi": {
    "precision": 1.0,
    "recall": 1.0,
    "f1-score": 1.0,
    "support": 8.0
  },
  "fazlur_rehman": {
    "precision": 1.0,
    "recall": 1.0,
    "f1-score": 1.0,
    "support": 12.0
  },
  "hina_rabbani_khar": {
    "precision": 1.0,
    "recall": 1.0,
    "f1-score": 1.0,
    "support": 9.0
  },
  "imran_khan": {
    "precision": 1.0,
    "recall": 0.9285714285714286,
    "f1-score": 0.9629629629629629,
    "support": 14.0
  },
  "khawaja_asif": {
    "precision": 1.0,
    "recall": 0.875,
    "f1-score": 0.9333333333333333,
    "support": 8.0
  },
  "maryam_nawaz": {
    "precision": 1.0,
    "recall": 1.0,
    "f1-score": 1.0,
    "support": 10.0
  },
  "mohsin_naqvi": {
    "precision": 1.0,
    "recall": 0.875,
    "f1-score": 0.9333333333333333,
    "support": 8.0
  },
  "murad_ali_shah": {
    "precision": 1.0,
    "recall": 1.0,
    "f1-score": 1.0,
    "support": 8.0
  },
  "nawaz_sharif": {
    "precision": 0.9230769230769231,
    "recall": 1.0,
    "f1-score": 0.96,
    "support": 12.0
  },
  "shahbaz_sharif": {
    "precision": 0.8333333333333334,
    "recall": 1.0,
    "f1-score": 0.9090909090909091,
    "support": 10.0
  },
  "sheikh_rasheed": {
    "precision": 1.0,
    "recall": 0.7777777777777778,
    "f1-score": 0.875,
    "support": 9.0
  },
  "accuracy": 0.9607843137254902,
  "macro avg": {
    "precision": 0.964463141025641,
    "recall": 0.9582093253968254,
    "f1-score": 0.9586005892255892,
    "support": 153.0
  },
  "weighted avg": {
    "precision": 0.9660801072565779,
    "recall": 0.9607843137254902,
    "f1-score": 0.9608616667766993,
    "support": 153.0
  }
}